{
    "rmse": 3.8950159767823536,
    "mae": 2.722552220652422,
    "r2": 0.8580491444523883
}